{
  "noise_levels": [
    0.0,
    0.001,
    0.01,
    0.1,
    1.0,
    10.0
  ],
  "losses": [
    6.416814975682306e-06,
    9.626164266989773e-06,
    8.865931238107925e-06,
    8.081079801752957e-06,
    0.0009124300167064833,
    0.277569260807094
  ],
  "convergence": [
    false,
    false,
    false,
    false,
    false,
    false
  ]
}
